Disease,Detailed
Down syndrome,
Neural tube defect,
Cleft lip/palate,
Tumor of endocrine glands,
Cleft palate,
"Renal agenesis, unilateral",
Pneumonia caused by Pseudomonas aeruginosa infection,
"47,XYY syndrome",
Iniencephaly ,
Rare cutaneous lupus erythematosus,
Congenital bilateral absence of vas deferens,
Ovarian cancer,
Primary Sj√∂gren syndrome,
B-cell chronic lymphocytic leukemia,
Congenital hydrocephalus,
Necrotizing enterocolitis,
Preeclampsia,
Asherman syndrome,
Renal dysplasia,
Diffuse large B-cell lymphoma,
Trisomy X,
Scleroderma,
Non-immune hydrops fetalis,
Renal cell carcinoma,
Genetic peripheral neuropathy,
Cardiogenic shock,
Acute sensorineural hearing loss by acute acoustic trauma or sudden deafness or surgery induced acoustic trauma,
AL amyloidosis,
Hepatitis delta,
Fetal cytomegalovirus syndrome,
Romano-Ward syndrome,
Autosomal dominant polycystic kidney disease,
Congenital pulmonary valvar stenosis,
Uveitis,
Congenital hypothyroidism,
Moderate and severe traumatic brain injury,
22q11.2 deletion syndrome,
Primary congenital hypothyroidism,
Follicular lymphoma,
Hemorrhagic fever-renal syndrome,
Non-papillary transitional cell carcinoma of the bladder,
High-grade dysplasia in patients with Barrett esophagus,
Aorta coarctation,
Uremic pruritus,
Radiation proctitis,
Osteochondritis dissecans,
Isolated anencephaly/exencephaly,
Eosinophilic esophagitis,
Tetralogy of Fallot,
Neurofibromatosis type 1,
